NODE_KEY,PRODUCT_ID,TYPE_CODE,CATEGORY,DESCRIPTION,SUPPLIER_GUID_NODE_KEY,TAX_TARIFF_CODE,MEASURE_UNIT,WEIGHT_UNIT,WEIGHT_MEASURE,CURRENCY_CODE,PRICE,WIDTH,HEIGHT,DEPTH,DIM_UNIT
74867AD200E41EDBA5D8B06B26EB4052,HT-1000   ,PR       ,Notebooks                                 ,"Notebook Basic 15 with 2,80 GHz quad core, 15"" LCD, 4 GB DDR3 RAM, 500 GB Hard Disc, Windows 8 Pro                                                                                                                                                             ",74867AD200E41EDBA5D8B06885AB2052  ,1,EA          ,KG         ,4.2,EUR          ,956,30,3,18,CM      
74867AD200E41EDBA5D8B06B26EB6052,HT-1001   ,PR       ,Notebooks                                 ,"Notebook Basic 17 with 2,80 GHz quad core, 17"" LCD, 4 GB DDR3 RAM, 500 GB Hard Disc, Windows 8 Pro                                                                                                                                                             ",74867AD200E41EDBA5D8B06885AB4052  ,1,EA          ,KG         ,4.5,EUR          ,1249,29,3.1,17,CM      
74867AD200E41EDBA5D8B06B26EB8052,HT-1002   ,PR       ,Notebooks                                 ,"Notebook Basic 18 with 2,80 GHz quad core, 18"" LCD, 8 GB DDR3 RAM, 1000 GB Hard Disc, Windows 8 Pro                                                                                                                                                            ",74867AD200E41EDBA5D8B06885AB6052  ,1,EA          ,KG         ,4.2,USD          ,1570,28,2.5,19,CM      
74867AD200E41EDBA5D8B06B26EBA052,HT-1003   ,PR       ,Notebooks                                 ,"Notebook Basic 19 with 2,80 GHz quad core, 19"" LCD, 8 GB DDR3 RAM, 1000 GB Hard Disc, Windows 8 Pro                                                                                                                                                            ",74867AD200E41EDBA5D8B06885AB8052  ,1,EA          ,KG         ,4.2,EUR          ,1650,32,4,21,CM      
74867AD200E41EDBA5D8B06B26EBC052,HT-1007   ,PR       ,PDAs & Organizers                         ,Digital Organizer with State-of-the-Art Storage Encryption                                                                                                                                                                                                     ,74867AD200E41EDBA5D8B06885ABA052  ,1,EA          ,KG         ,0.2,USD          ,299,32,3,22,CM      
74867AD200E41EDBA5D8B06B26EBE052,HT-1010   ,PR       ,Notebooks                                 ,"Notebook Professional 15 with 2,80 GHz quad core, 15"" Multitouch LCD, 8 GB DDR3 RAM, 500 GB SSD - DVD-Writer (DVD-R/+R/-RW/-RAM),Windows 8 Pro                                                                                                                 ",74867AD200E41EDBA5D8B06885ABC052  ,1,EA          ,KG         ,4.3,EUR          ,1999,33,3,20,CM      
74867AD200E41EDBA5D8B06B26EC0052,HT-1011   ,PR       ,Notebooks                                 ,"Notebook Professional 17 with 2,80 GHz quad core, 17"" Multitouch LCD, 8 GB DDR3 RAM, 500 GB SSD - DVD-Writer (DVD-R/+R/-RW/-RAM),Windows 8 Pro                                                                                                                 ",74867AD200E41EDBA5D8B06885ABE052  ,1,EA          ,KG         ,4.1,JPY          ,2299,33,2,23,CM      
74867AD200E41EDBA5D8B06B26EC2052,HT-1020   ,PR       ,PDAs & Organizers                         ,Digital Organizer with State-of-the-Art Encryption for Storage and Network Communications                                                                                                                                                                      ,74867AD200E41EDBA5D8B06885AC0052  ,1,EA          ,KG         ,0.16,EUR          ,459,10,17,1.8,CM      
74867AD200E41EDBA5D8B06B26EC4052,HT-1021   ,PR       ,PDAs & Organizers                         ,Digital Organizer with State-of-the-Art Encryption for Storage and Secure Stellite Link                                                                                                                                                                        ,74867AD200E41EDBA5D8B06885AC2052  ,1,EA          ,KG         ,0.18,MXN          ,149,11,18,1.7,CM      
74867AD200E41EDBA5D8B06B26EC6052,HT-1022   ,PR       ,PDAs & Organizers                         ,32 GB Digital Assistant with high-resolution color screen                                                                                                                                                                                                      ,74867AD200E41EDBA5D8B06885AC4052  ,1,EA          ,KG         ,0.2,ARS          ,1679,84,14,1.5,CM      
74867AD200E41EDBA5D8B06B26EC8052,HT-1023   ,PR       ,PDAs & Organizers                         ,64 GB Digital Assistant with high-resolution color screen and synthesized voice output                                                                                                                                                                         ,74867AD200E41EDBA5D8B06885AC6052  ,1,EA          ,KG         ,0.8,USD          ,512,80,13,1.6,CM      
74867AD200E41EDBA5D8B06B26ECA052,HT-1030   ,PR       ,Flat Screen Monitors                      ,"Optimum Hi-Resolution max. 1920 x 1080 @ 85Hz, Dot Pitch: 0.27mm                                                                                                                                                                                               ",74867AD200E41EDBA5D8B06885AC8052  ,1,EA          ,KG         ,21,EUR          ,230,37,36,12,CM      
74867AD200E41EDBA5D8B06B26ECC052,HT-1031   ,PR       ,Flat Screen Monitors                      ,"Optimum Hi-Resolution max. 1920 x 1200 @ 85Hz, Dot Pitch: 0.26mm                                                                                                                                                                                               ",74867AD200E41EDBA5D8B06885ACA052  ,1,EA          ,KG         ,21,GBP          ,285,40.8,43,19,CM      
74867AD200E41EDBA5D8B06B26ECE052,HT-1032   ,PR       ,Flat Screen Monitors                      ,"Optimum Hi-Resolution max. 2560 x 1440 @ 85Hz, Dot Pitch: 0.25mm                                                                                                                                                                                               ",74867AD200E41EDBA5D8B06885ACC052  ,1,EA          ,KG         ,21,EUR          ,345,40.8,43,19,CM      
74867AD200E41EDBA5D8B06B26ED0052,HT-1035   ,PR       ,Flat Screen Monitors                      ,"Optimum Hi-Resolution max. 1600 x 1200 @ 85Hz, Dot Pitch: 0.24mm                                                                                                                                                                                               ",74867AD200E41EDBA5D8B06885ACE052  ,1,EA          ,KG         ,14,USD          ,399,39,41,20,CM      
74867AD200E41EDBA5D8B06B26ED2052,HT-1036   ,PR       ,Flat Screen Monitors                      ,"Optimum Hi-Resolution max. 2048 x 1080 @ 85Hz, Dot Pitch: 0.26mm                                                                                                                                                                                               ",74867AD200E41EDBA5D8B06885AD0052  ,1,EA          ,KG         ,15,CAD          ,430,45,46,26,CM      
74867AD200E41EDBA5D8B06B26ED4052,HT-1037   ,PR       ,Flat Screen Monitors                      ,"Optimum Hi-Resolution max. 2016 x 1512 @ 85Hz, Dot Pitch: 0.24mm                                                                                                                                                                                               ",74867AD200E41EDBA5D8B06885AD2052  ,1,EA          ,KG         ,17,MXN          ,1230,54.5,39.1,22.1,CM      
74867AD200E41EDBA5D8B06B26ED6052,HT-1040   ,PR       ,Laser Printers                            ,"Print 2400 dpi image quality color documents at speeds of up to 32 ppm (color) or 36 ppm (monochrome), letter/A4. Powerful 500 MHz processor, 512MB of memory                                                                                                  ",74867AD200E41EDBA5D8B06885AD4052  ,1,EA          ,KG         ,32,EUR          ,830,51,30,46,CM      
74867AD200E41EDBA5D8B06B26ED8052,HT-1041   ,PR       ,Laser Printers                            ,"Up to 22 ppm color or 24 ppm monochrome A4/letter, powerful 500 MHz processor and 128MB of memory                                                                                                                                                              ",74867AD200E41EDBA5D8B06885AD6052  ,1,EA          ,KG         ,23,ARS          ,490,48,26,42,CM      
74867AD200E41EDBA5D8B06B26EDA052,HT-1042   ,PR       ,Laser Printers                            ,"Print up to 25 ppm letter and 24 ppm A4 color or monochrome, with a first-page-out-time of less than 13 seconds for monochrome and less than 15 seconds for color                                                                                              ",74867AD200E41EDBA5D8B06885AD8052  ,1,EA          ,KG         ,17,EUR          ,349,53,65,50,CM      
74867AD200E41EDBA5D8B06B26EDC052,HT-1050   ,PR       ,Ink Jet Printers                          ,"4800 dpi x 1200 dpi - up to 35 ppm (mono) / up to 34 ppm (color) - capacity: 250 sheets - Hi-Speed USB, Ethernet                                                                                                                                               ",74867AD200E41EDBA5D8B06885ADA052  ,1,EA          ,KG         ,3,RUB          ,139,41,28,41,CM      
74867AD200E41EDBA5D8B06B26EDE052,HT-1051   ,PR       ,Ink Jet Printers                          ,1000 dpi x 1000 dpi - up to 35 ppm (mono) / up to 34 ppm (color) - capacity: 250 sheets - Hi-Speed USB - excellent dimensions for the small office                                                                                                             ,74867AD200E41EDBA5D8B06885ADC052  ,1,EA          ,KG         ,1.9,USD          ,99,46,25,32,CM      
74867AD200E41EDBA5D8B06B26EE0052,HT-1052   ,PR       ,Ink Jet Printers                          ,"4800 dpi x 1200 dpi - up to 35 ppm (mono) / up to 34 ppm (color) - capacity: 250 sheets - Hi-Speed USB2.0, Ethernet                                                                                                                                            ",74867AD200E41EDBA5D8B06885ADE052  ,1,EA          ,KG         ,18,EUR          ,170,41,28,41,CM      
74867AD200E41EDBA5D8B06B26EE2052,HT-1055   ,PR       ,Multifunction Printers                    ,"1000 dpi x 1000 dpi - up to 16 ppm (mono) / up to 15 ppm (color)- capacity 80 sheets - scanner (216 x 297 mm, 1200dpi x 2400dpi)                                                                                                                               ",74867AD200E41EDBA5D8B06885AE0052  ,1,EA          ,KG         ,6.3,EUR          ,99,55,29,45,CM      
74867AD200E41EDBA5D8B06B26EE4052,HT-1056   ,PR       ,Multifunction Printers                    ,"1200 dpi x 1200 dpi - up to 25 ppm (mono) / up to 24 ppm (color)- capacity 80 sheets - scanner (216 x 297 mm, 2400dpi x 4800dpi, high resolution)                                                                                                              ",74867AD200E41EDBA5D8B06885AE2052  ,1,EA          ,KG         ,4.3,JPY          ,119,51,22,41.3,CM      
74867AD200E41EDBA5D8B06B26EE6052,HT-1060   ,PR       ,Mice                                      ,"Cordless Optical USB Mice, Laptop, Color: Black, Plug&Play                                                                                                                                                                                                     ",74867AD200E41EDBA5D8B06885AE4052  ,1,EA          ,KG         ,0.09,EUR          ,9,6,3.5,14.5,CM      
74867AD200E41EDBA5D8B06B26EE8052,HT-1061   ,PR       ,Mice                                      ,"Optical USB, PS/2 Mouse, Color: Blue, 3-button-functionality (incl. Scroll wheel)                                                                                                                                                                              ",74867AD200E41EDBA5D8B06885AE6052  ,1,EA          ,KG         ,0.09,EUR          ,7,7,3.1,15,CM      
74867AD200E41EDBA5D8B06B26EEA052,HT-1062   ,PR       ,Mice                                      ,"Optical USB Mouse, Color: Red, 5-button-functionality(incl. Scroll wheel), Plug&Play                                                                                                                                                                           ",74867AD200E41EDBA5D8B06885AE8052  ,1,EA          ,KG         ,0.03,ARS          ,11,3,4,7,CM      
74867AD200E41EDBA5D8B06B26EEC052,HT-1063   ,PR       ,Keyboards                                 ,"Ergonomic USB Keyboard for Desktop, Plug&Play                                                                                                                                                                                                                  ",74867AD200E41EDBA5D8B06885AEA052  ,1,EA          ,KG         ,2.1,BRL          ,14,50,3.5,21,CM      
74867AD200E41EDBA5D8B06B26EEE052,HT-1064   ,PR       ,Keyboards                                 ,"Corded Keyboard with special keys for Internet Usability, USB                                                                                                                                                                                                  ",74867AD200E41EDBA5D8B06885AEC052  ,1,EA          ,KG         ,1.8,CAD          ,16,52,3,25,CM      
74867AD200E41EDBA5D8B06B26EF0052,HT-1065   ,PR       ,Keyboards                                 ,"Corded Ergonomic Keyboard with special keys for Media Usability, USB                                                                                                                                                                                           ",74867AD200E41EDBA5D8B06885AEE052  ,1,EA          ,KG         ,2.3,CHF          ,26,51.4,4,23,CM      
74867AD200E41EDBA5D8B06B26EF2052,HT-1066   ,PR       ,Mousepads                                 ,Nice mouse pad with ITelO Logo                                                                                                                                                                                                                                 ,74867AD200E41EDBA5D8B06885AF0052  ,1,EA          ,G          ,80,USD          ,6.99,15,0.2,6,CM      
74867AD200E41EDBA5D8B06B26EF4052,HT-1067   ,PR       ,Mousepads                                 ,Ergonomic mouse pad with ITelO Logo                                                                                                                                                                                                                            ,74867AD200E41EDBA5D8B06885AF2052  ,1,EA          ,G          ,80,EUR          ,8.99,15,0.2,6,CM      
74867AD200E41EDBA5D8B06B26EF6052,HT-1068   ,PR       ,Mousepads                                 ,ITelO Mousepad Special Edition                                                                                                                                                                                                                                 ,74867AD200E41EDBA5D8B06885AF4052  ,1,EA          ,G          ,90,USD          ,12.99,24,0.6,24,CM      
74867AD200E41EDBA5D8B06B26EF8052,HT-1069   ,PR       ,Computer System Accessories               ,Universal card reader                                                                                                                                                                                                                                          ,74867AD200E41EDBA5D8B06885AF6052  ,1,EA          ,G          ,45,JPY          ,14,6,3,6,CM      
74867AD200E41EDBA5D8B06B26EFA052,HT-1070   ,PR       ,Graphic Cards                             ,Proctra X: PCI-E GDDR5 3072MB                                                                                                                                                                                                                                  ,74867AD200E41EDBA5D8B06885AF8052  ,1,EA          ,KG         ,0.255,ARS          ,70.9,22,17,35,CM      
74867AD200E41EDBA5D8B06B26EFC052,HT-1071   ,PR       ,Graphic Cards                             ,"Gladiator XLN: PCI-E GDDR5 3072MB DVI Out, TV Out low-noise                                                                                                                                                                                                    ",74867AD200E41EDBA5D8B06885AFA052  ,1,EA          ,KG         ,0.3,ZAR          ,81.7,22,17,35,CM      
74867AD200E41EDBA5D8B06B26EFE052,HT-1072   ,PR       ,Graphic Cards                             ,Hurricane GX: PCI-E 691 GFLOPS game-optimized                                                                                                                                                                                                                  ,74867AD200E41EDBA5D8B06885AFC052  ,1,EA          ,KG         ,0.4,USD          ,101.2,22,17,35,CM      
74867AD200E41EDBA5D8B06B26F00052,HT-1073   ,PR       ,Graphic Cards                             ,"Hurricane GX/LN: PCI-E 691 GFLOPS game-optimized, low-noise.                                                                                                                                                                                                   ",74867AD200E41EDBA5D8B06885AFE052  ,1,EA          ,KG         ,0.4,EUR          ,139.99,22,17,35,CM      
74867AD200E41EDBA5D8B06B26F02052,HT-1080   ,PR       ,Scanners                                  ,Flatbed scanner - 9.600   9.600 dpi - 216 x 297 mm - Hi-Speed USB - Bluetooth                                                                                                                                                                                  ,74867AD200E41EDBA5D8B06885B00052  ,1,EA          ,KG         ,2.3,INR          ,129,34,5,48,CM      
74867AD200E41EDBA5D8B06B26F04052,HT-1081   ,PR       ,Scanners                                  ,Flatbed scanner - 9.600   9.600 dpi - 216 x 297 mm - SCSI for backward compatibility                                                                                                                                                                           ,74867AD200E41EDBA5D8B06885B02052  ,1,EA          ,KG         ,2.4,PLN          ,89,31,7,43,CM      
74867AD200E41EDBA5D8B06B26F06052,HT-1082   ,PR       ,Scanners                                  ,Flatbed scanner - Letter - 2400 dpi x 2400 dpi - 216 x 297 mm - add-on module                                                                                                                                                                                  ,74867AD200E41EDBA5D8B06885B04052  ,1,EA          ,KG         ,3.2,ARS          ,169,33,12,41,CM      
74867AD200E41EDBA5D8B06B26F08052,HT-1083   ,PR       ,Scanners                                  ,Flatbed scanner - A4 - 2400 dpi x 2400 dpi - 216 x 297 mm - add-on module                                                                                                                                                                                      ,74867AD200E41EDBA5D8B06885B06052  ,1,EA          ,KG         ,3.2,CNY          ,189,35,10,40,CM      
74867AD200E41EDBA5D8B06B26F0A052,HT-1085   ,PR       ,Multifunction Printers                    ,Copymaster                                                                                                                                                                                                                                                     ,74867AD200E41EDBA5D8B06885B08052  ,1,EA          ,KG         ,23.2,DKK          ,1499,45,22,42,CM      
74867AD200E41EDBA5D8B06B26F0C052,HT-1090   ,PR       ,Speakers                                  ,PC multimedia speakers - 5 Watt (Total)                                                                                                                                                                                                                        ,74867AD200E41EDBA5D8B06885B0A052  ,1,EA          ,KG         ,3,EUR          ,39,12,16,10,CM      
74867AD200E41EDBA5D8B06B26F0E052,HT-1091   ,PR       ,Speakers                                  ,PC multimedia speakers - 10 Watt (Total) - 2-way                                                                                                                                                                                                               ,74867AD200E41EDBA5D8B06885AB2052  ,1,EA          ,KG         ,1.4,EUR          ,26,13,17.5,11,CM      
74867AD200E41EDBA5D8B06B26F10052,HT-1092   ,PR       ,Speakers                                  ,PC multimedia speakers - optimized for Blutooth/A2DP                                                                                                                                                                                                           ,74867AD200E41EDBA5D8B06885AB4052  ,1,EA          ,KG         ,2.1,EUR          ,45,12.4,18.1,10.4,CM      
74867AD200E41EDBA5D8B06B26F12052,HT-1100   ,PR       ,Software                                  ,"Complete package, 1 User, Office Applications (word processing, spreadsheet, presentations)                                                                                                                                                                    ",74867AD200E41EDBA5D8B06885AB6052  ,1,EA          ,KG         ,1.2,USD          ,89.9,15,2.1,6.5,CM      
74867AD200E41EDBA5D8B06B26F14052,HT-1101   ,PR       ,Software                                  ,"Complete package, 1 User, Image editing, processing                                                                                                                                                                                                            ",74867AD200E41EDBA5D8B06885AB8052  ,1,EA          ,KG         ,0.8,EUR          ,79.9,14,24,6.7,CM      
74867AD200E41EDBA5D8B06B26F16052,HT-1102   ,PR       ,Software                                  ,"Complete package, 1 User, Network Software Utilities, Useful Applications and Documentation                                                                                                                                                                    ",74867AD200E41EDBA5D8B06885ABA052  ,1,EA          ,KG         ,0.8,USD          ,69,16,27,6,CM      
74867AD200E41EDBA5D8B06B26F18052,HT-1103   ,PR       ,Software                                  ,"Complete package, 1 User, different Multimedia applications, playing music, watching DVDs, only with this Smart package                                                                                                                                        ",74867AD200E41EDBA5D8B06885ABC052  ,1,EA          ,KG         ,0.8,EUR          ,77,11,22,3.4,CM      
74867AD200E41EDBA5D8B06B26F1A052,HT-1104   ,PR       ,Software                                  ,"Complete package, 1 User, various games for amusement, logic, action, jump&run                                                                                                                                                                                 ",74867AD200E41EDBA5D8B06885ABE052  ,1,EA          ,KG         ,1.1,JPY          ,55,10,30,3,CM      
74867AD200E41EDBA5D8B06B26F1C052,HT-1105   ,PR       ,Software                                  ,"Complete package, 1 User, highly recommended for internet users as anti-virus protection                                                                                                                                                                       ",74867AD200E41EDBA5D8B06885AC0052  ,1,EA          ,KG         ,0.7,EUR          ,29,16,21,4,CM      
74867AD200E41EDBA5D8B06B26F1E052,HT-1106   ,PR       ,Software                                  ,"Complete package, 1 User, recommended for internet users, protect your PC against cyber-crime                                                                                                                                                                  ",74867AD200E41EDBA5D8B06885AC2052  ,1,EA          ,KG         ,0.9,MXN          ,34,17.9,23.1,4.2,CM      
74867AD200E41EDBA5D8B06B26F20052,HT-1107   ,PR       ,Software                                  ,"Complete package, 1 User, bring your money in your mind, see what you have and what you want                                                                                                                                                                   ",74867AD200E41EDBA5D8B06885AC4052  ,1,EA          ,KG         ,0.5,ARS          ,29.9,12,19,1.5,CM      
74867AD200E41EDBA5D8B06B26F22052,HT-1110   ,PR       ,Computer System Accessories               ,Robust 3m anti-burglary protection for your laptop computer                                                                                                                                                                                                    ,74867AD200E41EDBA5D8B06885AC6052  ,1,EA          ,KG         ,0.03,USD          ,8.9,20,4.3,8,CM      
74867AD200E41EDBA5D8B06B26F24052,HT-1111   ,PR       ,Computer System Accessories               ,Robust 1m anti-burglary protection for your desktop computer                                                                                                                                                                                                   ,74867AD200E41EDBA5D8B06885AC8052  ,1,EA          ,KG         ,0.02,EUR          ,6.9,31,7,9,CM      
74867AD200E41EDBA5D8B06B26F26052,HT-1112   ,PR       ,Computer System Accessories               ,"Color webcam, color, High-Speed USB                                                                                                                                                                                                                            ",74867AD200E41EDBA5D8B06885ACA052  ,1,EA          ,KG         ,0.075,GBP          ,39,9,1.3,8.2,CM      
74867AD200E41EDBA5D8B06B26F28052,HT-1113   ,PR       ,Computer System Accessories               ,10 separately packed screen wipes                                                                                                                                                                                                                              ,74867AD200E41EDBA5D8B06885ACC052  ,1,EA          ,KG         ,0.05,EUR          ,2.3,2,0.1,2,CM      
74867AD200E41EDBA5D8B06B26F2A052,HT-1114   ,PR       ,Computer System Accessories               ,"Notebook bag, plenty of room for stationery and writing materials                                                                                                                                                                                              ",74867AD200E41EDBA5D8B06885ACE052  ,1,EA          ,KG         ,1.8,USD          ,31,42,7,32,CM      
74867AD200E41EDBA5D8B06B26F2C052,HT-1115   ,PR       ,Telecommunications                        ,"Wireless DSL Router (available in blue, black and silver)                                                                                                                                                                                                      ",74867AD200E41EDBA5D8B06885AD0052  ,1,EA          ,KG         ,0.45,CAD          ,49,19.3,5,18,CM      
74867AD200E41EDBA5D8B06B26F2E052,HT-1116   ,PR       ,Telecommunications                        ,"Wireless DSL Router / Repeater (available in blue, black and silver)                                                                                                                                                                                           ",74867AD200E41EDBA5D8B06885AD2052  ,1,EA          ,KG         ,0.45,MXN          ,59,19.3,5,18,CM      
74867AD200E41EDBA5D8B06B26F30052,HT-1117   ,PR       ,Telecommunications                        ,"Wireless DSL Router / Repeater and Print Server (available in blue, black and silver)                                                                                                                                                                          ",74867AD200E41EDBA5D8B06885AD4052  ,1,EA          ,KG         ,0.45,EUR          ,69,19.3,5,18,CM      
74867AD200E41EDBA5D8B06B26F32052,HT-1118   ,PR       ,Computer System Accessories               ,USB 2.0 High-Speed 64 GB                                                                                                                                                                                                                                       ,74867AD200E41EDBA5D8B06885AD6052  ,1,EA          ,KG         ,0.015,ARS          ,35,1.5,1.2,8.7,CM      
74867AD200E41EDBA5D8B06B26F34052,HT-1120   ,PR       ,Keyboards                                 ,Cordless Bluetooth Keyboard with English keys                                                                                                                                                                                                                  ,74867AD200E41EDBA5D8B06885AD8052  ,1,EA          ,KG         ,1,EUR          ,29,51.4,4,23,CM      
74867AD200E41EDBA5D8B06B26F36052,HT-1137   ,PR       ,Flat Screen Monitors                      ,"Optimum Hi-Resolution max. 2048   1536 @ 85Hz, Dot Pitch: 0.24mm                                                                                                                                                                                               ",74867AD200E41EDBA5D8B06885ADA052  ,1,EA          ,KG         ,18,RUB          ,1430,54,38,22,CM      
74867AD200E41EDBA5D8B06B26F38052,HT-1138   ,PR       ,Mice                                      ,Portable pocket Mouse with retracting cord                                                                                                                                                                                                                     ,74867AD200E41EDBA5D8B06885ADC052  ,1,EA          ,KG         ,0.02,USD          ,23,0.3,1,0.5,CM      
74867AD200E41EDBA5D8B06B26F3A052,HT-1210   ,PR       ,PCs                                       ,"PC Power Station with 3,4 Ghz quad-core, 32 GB DDR3 SDRAM, feels like a PC, Windows 8 Pro                                                                                                                                                                      ",74867AD200E41EDBA5D8B06885ADE052  ,1,EA          ,KG         ,2.3,EUR          ,2399,28,43,31,CM      
74867AD200E41EDBA5D8B06B26F3C052,HT-1500   ,PR       ,Servers                                   ,"Dual socket, quad-core processing server with 1333 MHz Front Side Bus with 10Gb connectivity                                                                                                                                                                   ",74867AD200E41EDBA5D8B06885AE0052  ,1,EA          ,KG         ,18,EUR          ,5000,34,23,35,CM      
74867AD200E41EDBA5D8B06B26F3E052,HT-1501   ,PR       ,Servers                                   ,"Dual socket, quad-core processing server with 1644 MHz Front Side Bus with 10Gb connectivity                                                                                                                                                                   ",74867AD200E41EDBA5D8B06885AE2052  ,1,EA          ,KG         ,25,JPY          ,15000,29,27,30,CM      
74867AD200E41EDBA5D8B06B26F40052,HT-1502   ,PR       ,Servers                                   ,"Dual socket, quad-core processing server with 1644 MHz Front Side Bus with 100Gb connectivity                                                                                                                                                                  ",74867AD200E41EDBA5D8B06885AE4052  ,1,EA          ,KG         ,35,EUR          ,25000,22,37,27.3,CM      
74867AD200E41EDBA5D8B06B26F42052,HT-6130   ,PR       ,Flat Screen TVs                           ,"32-inch, 1366x768 Pixel, 16:9, HDTV ready                                                                                                                                                                                                                      ",74867AD200E41EDBA5D8B06885AE6052  ,1,EA          ,KG         ,2.6,EUR          ,1459,78,55,22.1,CM      
74867AD200E41EDBA5D8B06B26F44052,HT-6131   ,PR       ,Flat Screen TVs                           ,"37-inch, 1366x768 Pixel, 16:9, HDTV ready                                                                                                                                                                                                                      ",74867AD200E41EDBA5D8B06885AE8052  ,1,EA          ,KG         ,2.2,ARS          ,1199,99.1,61,26,CM      
74867AD200E41EDBA5D8B06B26F46052,HT-6132   ,PR       ,Flat Screen TVs                           ,"41-inch, 1366x768 Pixel, 16:9, HDTV ready                                                                                                                                                                                                                      ",74867AD200E41EDBA5D8B06885AEA052  ,1,EA          ,KG         ,1.8,BRL          ,899,128,79.1,23,CM      
74867AD200E41EDBA5D8B06B26F48052,HT-7030   ,PR       ,PDAs & Organizers                         ,Our new multifunctional Handheld with phone function in platinum                                                                                                                                                                                               ,74867AD200E41EDBA5D8B06885AEC052  ,1,EA          ,KG         ,0.5,CAD          ,549,8.1,12.1,13,CM      
74867AD200E41EDBA5D8B06B26F4A052,HT-7020   ,PR       ,PDAs & Organizers                         ,Our new multifunctional Handheld with phone function in gold                                                                                                                                                                                                   ,74867AD200E41EDBA5D8B06885AEE052  ,1,EA          ,KG         ,0.5,CHF          ,549,8.1,12.1,13,CM      
74867AD200E41EDBA5D8B06B26F4C052,HT-7010   ,PR       ,PDAs & Organizers                         ,Our new multifunctional Handheld with phone function in silver                                                                                                                                                                                                 ,74867AD200E41EDBA5D8B06885AF0052  ,1,EA          ,KG         ,0.5,USD          ,549,8.1,12.1,13,CM      
74867AD200E41EDBA5D8B06B26F4E052,HT-7000   ,PR       ,PDAs & Organizers                         ,Our new multifunctional Handheld with phone function in copper                                                                                                                                                                                                 ,74867AD200E41EDBA5D8B06885AF2052  ,1,EA          ,KG         ,0.5,EUR          ,549,8.1,12.1,13,CM      
74867AD200E41EDBA5D8B06B26F50052,HT-1095   ,PR       ,Headsets                                  ,"5.1 Headset, 40 Hz-20 kHz, Wireless                                                                                                                                                                                                                            ",74867AD200E41EDBA5D8B06885AF4052  ,1,EA          ,G          ,80,USD          ,49,24,23,19,CM      
74867AD200E41EDBA5D8B06B26F52052,HT-1096   ,PR       ,Headsets                                  ,"5.1 Headset, 40 Hz-20 kHz, 3m cable                                                                                                                                                                                                                            ",74867AD200E41EDBA5D8B06885AF6052  ,1,EA          ,G          ,130,JPY          ,39,25,19,17,CM      
74867AD200E41EDBA5D8B06B26F54052,HT-1097   ,PR       ,Headsets                                  ,"5.1 Headset, 40 Hz-20 kHz, 1m cable                                                                                                                                                                                                                            ",74867AD200E41EDBA5D8B06885AF8052  ,1,EA          ,G          ,60,ARS          ,29,21.3,19.7,2.4,CM      
74867AD200E41EDBA5D8B06B26F56052,HT-6123   ,PR       ,MP3 Players                               ,"MP3-Player with 80 GB SSD and Color Display, can play movies                                                                                                                                                                                                   ",74867AD200E41EDBA5D8B06885AFA052  ,1,EA          ,G          ,267,ZAR          ,299,4,0.8,6,CM      
74867AD200E41EDBA5D8B06B26F58052,HT-6122   ,PR       ,MP3 Players                               ,"MP3-Player with 40 GB HDD and Color Display, can play movies                                                                                                                                                                                                   ",74867AD200E41EDBA5D8B06885AFC052  ,1,EA          ,G          ,266,USD          ,167,5.1,9.2,8,CM      
74867AD200E41EDBA5D8B06B26F5A052,HT-6121   ,PR       ,MP3 Players                               ,"ITelo Jog-Mate 64 GB HDD and Color Display, can play movies                                                                                                                                                                                                    ",74867AD200E41EDBA5D8B06885AFE052  ,1,EA          ,G          ,134,EUR          ,63,5.1,9.2,8,CM      
74867AD200E41EDBA5D8B06B26F5C052,HT-6120   ,PR       ,MP3 Players                               ,64 GB USB Music-on-a-Stick                                                                                                                                                                                                                                     ,74867AD200E41EDBA5D8B06885B00052  ,1,EA          ,G          ,134,INR          ,45,1.5,1,6,CM      
74867AD200E41EDBA5D8B06B26F5E052,HT-6111   ,PR       ,Portable Players                          ,"160 GB HDD, CD-RW, DVD+R/RW, DVD-R/RW, MPEG 2 (Video-DVD), MPEG 4, VCD, SVCD, DivX, Xvid                                                                                                                                                                       ",74867AD200E41EDBA5D8B06885B02052  ,1,EA          ,KG         ,3.1,PLN          ,288,38,6.2,26,CM      
74867AD200E41EDBA5D8B06B26F60052,HT-6110   ,PR       ,Portable Players                          ,"CD-RW, DVD+R/RW, DVD-R/RW, MPEG 2 (Video-DVD), MPEG 4, VCD, SVCD, DivX, Xvid                                                                                                                                                                                   ",74867AD200E41EDBA5D8B06885B04052  ,1,EA          ,KG         ,2.4,ARS          ,130,37,6,24,CM      
74867AD200E41EDBA5D8B06B26F62052,HT-6102   ,PR       ,Projectors                                ,"1080p, DLP max. 12,3 Meter, 3D-ready                                                                                                                                                                                                                           ",74867AD200E41EDBA5D8B06885B06052  ,1,EA          ,KG         ,2.5,CNY          ,889,30.4,23,23.1,CM      
74867AD200E41EDBA5D8B06B26F64052,HT-6101   ,PR       ,Projectors                                ,"1080p, DLP max.9,34 Meter, 2D-ready                                                                                                                                                                                                                            ",74867AD200E41EDBA5D8B06885B08052  ,1,EA          ,KG         ,2,DKK          ,679,30.4,23,23.1,CM      
74867AD200E41EDBA5D8B06B26F66052,HT-2002   ,PR       ,Portable Players                          ,"9"" LCD Screen, storage holds up to 8 hours, 2 speakers included                                                                                                                                                                                                ",74867AD200E41EDBA5D8B06885B0A052  ,1,EA          ,KG         ,0.72,EUR          ,853.99,21,14,16.5,CM      
74867AD200E41EDBA5D8B06B26F68052,HT-6100   ,PR       ,Projectors                                ,"720p, DLP Projector max. 8,45 Meter, 2D                                                                                                                                                                                                                        ",74867AD200E41EDBA5D8B06885AB2052  ,1,EA          ,KG         ,1.7,EUR          ,469,30.4,23,23.1,CM      
74867AD200E41EDBA5D8B06B26F6A052,HT-2027   ,PR       ,Computer System Accessories               ,"Removable jewel case labels, zero residues (100)                                                                                                                                                                                                               ",74867AD200E41EDBA5D8B06885AB4052  ,1,EA          ,KG         ,0.15,EUR          ,8.99,5.5,2,2,CM      
74867AD200E41EDBA5D8B06B26F6C052,HT-2026   ,PR       ,Computer System Accessories               ,Quality cables for notebooks and projectors                                                                                                                                                                                                                    ,74867AD200E41EDBA5D8B06885AB6052  ,1,EA          ,KG         ,0.2,USD          ,29.99,21,13,10.2,CM      
74867AD200E41EDBA5D8B06B26F6E052,HT-2025   ,PR       ,Computer System Accessories               ,Organizer and protective case for 264 CDs and DVDs                                                                                                                                                                                                             ,74867AD200E41EDBA5D8B06885AB8052  ,1,EA          ,KG         ,0.65,EUR          ,44.99,13,20,13,CM      
74867AD200E41EDBA5D8B06B26F70052,HT-2001   ,PR       ,Portable Players                          ,"10"" LCD Screen, storage battery holds up to 8 hours                                                                                                                                                                                                            ",74867AD200E41EDBA5D8B06885ABA052  ,1,EA          ,KG         ,0.84,USD          ,449.99,24,29,19.5,CM      
74867AD200E41EDBA5D8B06B26F72052,HT-2000   ,PR       ,Portable Players                          ,"7"" LCD Screen, storage battery holds up to 6 hours!                                                                                                                                                                                                            ",74867AD200E41EDBA5D8B06885ABC052  ,1,EA          ,KG         ,0.79,EUR          ,249.99,21.4,27.6,19,CM      
74867AD200E41EDBA5D8B06B26F74052,HT-1603   ,PR       ,PCs                                       ,"3,4 Ghz quad core, 16 GB DDR3 SDRAM, 4000 GB Hard Disc, Graphic Card: Hurricane GX, Windows 8                                                                                                                                                                  ",74867AD200E41EDBA5D8B06885ABE052  ,1,EA          ,KG         ,6.8,JPY          ,1700,27,42,28,CM      
74867AD200E41EDBA5D8B06B26F76052,HT-1602   ,PR       ,PCs                                       ,"3,4 Ghz quad core, 8 GB DDR3 SDRAM, 2000 GB Hard Disc, Graphic Card: Gladiator MX, Windows 8                                                                                                                                                                   ",74867AD200E41EDBA5D8B06885AC0052  ,1,EA          ,KG         ,5.9,EUR          ,1200,26.5,47,34,CM      
74867AD200E41EDBA5D8B06B26F78052,HT-1601   ,PR       ,PCs                                       ,"2,8 Ghz dual core, 4 GB DDR3 SDRAM, 1000 GB Hard Disc, Graphic Card: Gladiator MX, Windows 8                                                                                                                                                                   ",74867AD200E41EDBA5D8B06885AC2052  ,1,EA          ,KG         ,5.3,MXN          ,900,25,40.2,31.7,CM      
74867AD200E41EDBA5D8B06B26F7A052,HT-1600   ,PR       ,PCs                                       ,"2,8 Ghz dual core, 4 GB DDR3 SDRAM, 500 GB Hard Disc, Graphic Card: Proctra X, Windows 8                                                                                                                                                                       ",74867AD200E41EDBA5D8B06885AC4052  ,1,EA          ,KG         ,4.8,ARS          ,600,21.4,38,29,CM      
74867AD200E41EDBA5D8B06B26F7C052,HT-1119   ,PR       ,Computer System Accessories               ,Universal Travel Adapter                                                                                                                                                                                                                                       ,74867AD200E41EDBA5D8B06885AC6052  ,1,EA          ,G          ,88,USD          ,79,2,3.9,3.1,CM      
74867AD200E41EDBA5D8B06B26F7E052,HT-8000   ,PR       ,Notebooks                                 ,"Notebook with 2,80 GHz dual core, 4 GB DDR3 SDRAM, 500 GB Hard Disc, Windows 8                                                                                                                                                                                 ",74867AD200E41EDBA5D8B06885AC8052  ,1,EA          ,KG         ,4,EUR          ,799,31,3.1,19,CM      
74867AD200E41EDBA5D8B06B26F80052,HT-8001   ,PR       ,Notebooks                                 ,"Notebook with 2,80 GHz dual core, 8 GB DDR3 SDRAM, 500 GB Hard Disc, Windows 8                                                                                                                                                                                 ",74867AD200E41EDBA5D8B06885ACA052  ,1,EA          ,KG         ,4.2,GBP          ,999,32,3.4,20,CM      
74867AD200E41EDBA5D8B06B26F82052,HT-8002   ,PR       ,Notebooks                                 ,"Notebook with 2,80 GHz quad core, 4 GB DDR3 SDRAM, 1000 GB Hard Disc, Windows 8                                                                                                                                                                                ",74867AD200E41EDBA5D8B06885ACC052  ,1,EA          ,KG         ,3.5,EUR          ,1199,38,4.1,21,CM      
74867AD200E41EDBA5D8B06B26F84052,HT-8003   ,PR       ,Notebooks                                 ,"Notebook with 2,80 GHz quad core, 8 GB DDR3 SDRAM, 1000 GB Hard Disc, Windows 8                                                                                                                                                                                ",74867AD200E41EDBA5D8B06885ACE052  ,1,EA          ,KG         ,3.8,USD          ,1388,48,4.5,31,CM      
74867AD200E41EDBA5D8B06B26F86052,PF-1000   ,AD       ,Computer System Accessories               ,Flyer for our product palette                                                                                                                                                                                                                                  ,74867AD200E41EDBA5D8B06885AD0052  ,1,EA          ,KG         ,0.01,CAD          ,0,46,3,30,CM      
74867AD200E41EDBA5D8B06B26F88052,HT-9999   ,PR       ,Tablets                                   ,"10.1-inch Multitouch HD Screen (1280 x 800), 16GB Internal Memory, Wireless N Wi-Fi; Bluetooth, GPS Enabled, 1GHz Dual-Core Processor                                                                                                                          ",74867AD200E41EDBA5D8B06885AD2052  ,1,EA          ,KG         ,3.8,MXN          ,749,48,4.5,31,CM      
74867AD200E41EDBA5D8B06B26F8A052,HT-9998   ,PR       ,Smartphones                               ,"5 Megapixel Camera, Wi-Fi 802.11 b/g/n, Bluetooth, GPS A-GPS support                                                                                                                                                                                           ",74867AD200E41EDBA5D8B06885AD4052  ,1,EA          ,KG         ,0.75,EUR          ,699,48,4.5,31,CM      
74867AD200E41EDBA5D8B06B26F8C052,HT-9997   ,PR       ,Tablets                                   ,"6-Inch E Ink Screen, Access To e-book Store, Adjustable Font Styles and Sizes, Stores Up To 1,000 Books                                                                                                                                                        ",74867AD200E41EDBA5D8B06885AD6052  ,1,EA          ,KG         ,3.8,ARS          ,633,48,4.5,31,CM      
74867AD200E41EDBA5D8B06B26F8E052,HT-9996   ,PR       ,Accessories                               ,"Stylish tablet pouch, protects from scratches, color: black                                                                                                                                                                                                    ",74867AD200E41EDBA5D8B06885AD8052  ,1,EA          ,KG         ,0.03,EUR          ,20,25,4.5,40,CM      
74867AD200E41EDBA5D8B06B26F90052,HT-9995   ,PR       ,Accessories                               ,"Durable high quality plastic bump-sleeve, lightweight, protects from scratches, rubber coating, multiple colors available, Accurate design and cut-outs for your device, snap-on design                                                                        ",74867AD200E41EDBA5D8B06885ADA052  ,1,EA          ,KG         ,0.02,RUB          ,15,48,4.5,31,CM      
74867AD200E41EDBA5D8B06B26F92052,HT-9994   ,PR       ,Camcorders                                ,"1920x1080 Full HD, image stabilization reduces blur, 27x Optical / 32x Extended Zoom, wide angle Lens, 2.7"" wide LCD display                                                                                                                                   ",74867AD200E41EDBA5D8B06885ADC052  ,1,EA          ,KG         ,3.8,USD          ,1388,48,27,31,CM      
74867AD200E41EDBA5D8B06B26F94052,HT-9993   ,PR       ,Tablets                                   ,"7 inch 1280x800 HD display (216 ppi), Quad-core processor, 16 GB internal storage, 4325 mAh battery (Up to 8 hours of active use)                                                                                                                              ",74867AD200E41EDBA5D8B06885ADE052  ,1,EA          ,KG         ,3.8,EUR          ,833,48,4.5,31,CM      
74867AD200E41EDBA5D8B06B26F96052,HT-9992   ,PR       ,Smartphones                               ,"7 inch 1280x800 HD display (216 ppi), Quad-core processor, 16 GB internal storage (actual formatted capacity will be less), 4325 mAh battery (Up to 8 hours of active use), white or black                                                                     ",74867AD200E41EDBA5D8B06885AE0052  ,1,EA          ,KG         ,0.75,EUR          ,599,48,4.5,31,CM      
74867AD200E41EDBA5D8B06B26F98052,HT-9991   ,PR       ,Accessories                               ,"Button Clasp, Quality Material, 100% Leather, compatible with many smartphone models                                                                                                                                                                           ",74867AD200E41EDBA5D8B06885AE2052  ,1,EA          ,KG         ,0.02,JPY          ,25,48,4.5,31,CM      
74867AD200E41EDBA5D8B06B26F9A052,HT-1251   ,PR       ,Notebooks                                 ,"Flexible Laptop with 2,5 GHz Quad Core, 15"" HD TN, 16 GB DDR SDRAM, 256 GB SSD, Windows 10 Pro                                                                                                                                                                 ",74867AD200E41EDBA5D8B06885AE4052  ,1,EA          ,KG         ,4.2,EUR          ,989,30,3,18,CM      
74867AD200E41EDBA5D8B06B26F9C052,HT-1252   ,PR       ,Smartphones                               ,"6 inch 1280x800 HD display (216 ppi), Quad-core processor, 8 GB internal storage (actual formatted capacity will be less), 3050 mAh battery (Up to 8 hours of active use), grey or black                                                                       ",74867AD200E41EDBA5D8B06885AE6052  ,1,EA          ,KG         ,0.75,EUR          ,649,8,1.5,6,CM      
74867AD200E41EDBA5D8B06B26F9E052,HT-1253   ,PR       ,Notebooks                                 ,"Flexible Laptop with 2,5 GHz Dual Core, 14"" HD+ TN, 8 GB DDR SDRAM, 324 GB SSD, Windows 10 Pro                                                                                                                                                                 ",74867AD200E41EDBA5D8B06885AE8052  ,1,EA          ,KG         ,4.2,ARS          ,976,30,3,18,CM      
74867AD200E41EDBA5D8B06B26FA0052,HT-1254   ,PR       ,Flat Screen Monitors                      ,"Optimum Hi-Resolution Widescreen max. 1920 x 1080 @ 85Hz, Dot Pitch: 0.27mm, HDMI, D-Sub                                                                                                                                                                       ",74867AD200E41EDBA5D8B06885AEA052  ,1,EA          ,KG         ,15,BRL          ,250,37,36,12,CM      
74867AD200E41EDBA5D8B06B26FA2052,HT-1255   ,PR       ,Flat Screen Monitors                      ,"Optimum Hi-Resolution Widescreen max. 2048 x 1080 @ 85Hz, Dot Pitch: 0.27mm, HDMI, D-Sub                                                                                                                                                                       ",74867AD200E41EDBA5D8B06885AEC052  ,1,EA          ,KG         ,16,CAD          ,270,39,38,12,CM      
74867AD200E41EDBA5D8B06B26FA4052,HT-1256   ,PR       ,Smartphones                               ,"7 inch 1280x800 HD display (216 ppi), Quad-core processor, 16 GB internal storage (actual formatted capacity will be less), 4325 mAh battery (Up to 8 hours of active use), white or black                                                                     ",74867AD200E41EDBA5D8B06885AEE052  ,1,EA          ,KG         ,0.75,CHF          ,549,9,1.5,15,CM      
74867AD200E41EDBA5D8B06B26FA6052,HT-1257   ,PR       ,Tablets                                   ,"10.5-inch Multitouch HD Screen (1280 x 800), 16GB Internal Memory, Wireless N Wi-Fi; Bluetooth, GPS Enabled, 1GHz Dual-Core Processor                                                                                                                          ",74867AD200E41EDBA5D8B06885AF0052  ,1,EA          ,KG         ,2.8,USD          ,549,48,4.5,31,CM      
74867AD200E41EDBA5D8B06B26FA8052,HT-1258   ,PR       ,Tablets                                   ,"8-inch Multitouch HD Screen (2000 x 1500) 32GB Internal Memory, Wireless N Wi-Fi, Bluetooth, GPS Enabled, 1.5 GHz Quad-Core Processor                                                                                                                          ",74867AD200E41EDBA5D8B06885AF2052  ,1,EA          ,KG         ,2.5,EUR          ,529,38,3.5,21,CM      
